Website title,Website link
AI from TAU ,http://www.tau.ac.il/humanities/philos/ai/links.html
Artificial Intelligence Depot ,http://ai-depot.com/
Artilect ,http://artilect.org/
Bibliographies on Artificial Intelligence ,http://liinwww.ira.uka.de/bibliography/Ai/
CMU Artificial Intelligence Repository ,http://www.cs.cmu.edu/afs/cs.cmu.edu/project/ai-repository/ai/0.html
Cognitive Systems ,http://www.cs.iastate.edu/~honavar/hybrid-ai.html
Context in AI ,http://context.umcs.maine.edu/
Heuristics and artificial intelligence in finance and investment ,http://aiinfinance.com/
Kurzweil Accelerating Intelligence Network ,http://www.kurzweilai.net/
List of AI-related FAQs ,http://www.cs.cmu.edu/Groups/AI/html/faqs/top.html
The Loebner Prize ,http://www.loebner.net/Prizef/loebner-prize.html
Neuron AI Directory: Artificial Intelligence resources ,http://www.neuron.co.uk/
PC AI ,http://www.pcai.com/
Processor Performance ,http://www.intelligentfirm.com/
SIGART Electronic Information Services ,http://sigart.acm.org/
Website title,Website link
AI from TAU ,http://www.tau.ac.il/humanities/philos/ai/links.html
Artificial Intelligence Depot ,http://ai-depot.com/
Artilect ,http://artilect.org/
Bibliographies on Artificial Intelligence ,http://liinwww.ira.uka.de/bibliography/Ai/
CMU Artificial Intelligence Repository ,http://www.cs.cmu.edu/afs/cs.cmu.edu/project/ai-repository/ai/0.html
Cognitive Systems ,http://www.cs.iastate.edu/~honavar/hybrid-ai.html
Context in AI ,http://context.umcs.maine.edu/
Heuristics and artificial intelligence in finance and investment ,http://aiinfinance.com/
Kurzweil Accelerating Intelligence Network ,http://www.kurzweilai.net/
List of AI-related FAQs ,http://www.cs.cmu.edu/Groups/AI/html/faqs/top.html
The Loebner Prize ,http://www.loebner.net/Prizef/loebner-prize.html
Neuron AI Directory: Artificial Intelligence resources ,http://www.neuron.co.uk/
PC AI ,http://www.pcai.com/
Processor Performance ,http://www.intelligentfirm.com/
SIGART Electronic Information Services ,http://sigart.acm.org/
Computer Professionals for Social Responsibility (CPSR) ,http://cpsr.org/
Computing Cases ,http://computingcases.org/
Dangers of Internet Dating ,http://www.dangersofinternetdating.com/
Ethics in Computing ,http://ethics.csc.ncsu.edu/
"Institute of Electrical and Electronics Engineers, Inc. (IEEE) ",http://www.ieee.org/web/aboutus/ethics/
International Center for Information Ethics (ICIE) ,http://icie.zkm.de/
International Charter ,http://www.icharter.org/
International Federation of Information Processing (IFIP) ,https://staff.info.unamur.be/jbl/IFIP/home.html
"Southern Connecticut State University, Research Center on Computing and Society ",http://www.southernct.edu/organizations/rccs/
Web Ethics ,http://www.vlib.us/web/ethics/
Wikipedia: Computer Ethics ,http://en.wikipedia.org/wiki/Computer_ethics
