Website title,Website link,Category
AI from TAU ,http://www.tau.ac.il/humanities/philos/ai/links.html,DMOZ - Computers: Artificial Intelligence
Artificial Intelligence Depot ,http://ai-depot.com/,DMOZ - Computers: Artificial Intelligence
Artilect ,http://artilect.org/,DMOZ - Computers: Artificial Intelligence
Bibliographies on Artificial Intelligence ,http://liinwww.ira.uka.de/bibliography/Ai/,DMOZ - Computers: Artificial Intelligence
CMU Artificial Intelligence Repository ,http://www.cs.cmu.edu/afs/cs.cmu.edu/project/ai-repository/ai/0.html,DMOZ - Computers: Artificial Intelligence
Cognitive Systems ,http://www.cs.iastate.edu/~honavar/hybrid-ai.html,DMOZ - Computers: Artificial Intelligence
Context in AI ,http://context.umcs.maine.edu/,DMOZ - Computers: Artificial Intelligence
Heuristics and artificial intelligence in finance and investment ,http://aiinfinance.com/,DMOZ - Computers: Artificial Intelligence
Kurzweil Accelerating Intelligence Network ,http://www.kurzweilai.net/,DMOZ - Computers: Artificial Intelligence
List of AI-related FAQs ,http://www.cs.cmu.edu/Groups/AI/html/faqs/top.html,DMOZ - Computers: Artificial Intelligence
The Loebner Prize ,http://www.loebner.net/Prizef/loebner-prize.html,DMOZ - Computers: Artificial Intelligence
Neuron AI Directory: Artificial Intelligence resources ,http://www.neuron.co.uk/,DMOZ - Computers: Artificial Intelligence
PC AI ,http://www.pcai.com/,DMOZ - Computers: Artificial Intelligence
Processor Performance ,http://www.intelligentfirm.com/,DMOZ - Computers: Artificial Intelligence
SIGART Electronic Information Services ,http://sigart.acm.org/,DMOZ - Computers: Artificial Intelligence
Computer Professionals for Social Responsibility (CPSR) ,http://cpsr.org/,DMOZ - Computers: Ethics
Computing Cases ,http://computingcases.org/,DMOZ - Computers: Ethics
Dangers of Internet Dating ,http://www.dangersofinternetdating.com/,DMOZ - Computers: Ethics
Ethics in Computing ,http://ethics.csc.ncsu.edu/,DMOZ - Computers: Ethics
"Institute of Electrical and Electronics Engineers, Inc. (IEEE) ",http://www.ieee.org/web/aboutus/ethics/,DMOZ - Computers: Ethics
International Center for Information Ethics (ICIE) ,http://icie.zkm.de/,DMOZ - Computers: Ethics
International Charter ,http://www.icharter.org/,DMOZ - Computers: Ethics
International Federation of Information Processing (IFIP) ,https://staff.info.unamur.be/jbl/IFIP/home.html,DMOZ - Computers: Ethics
"Southern Connecticut State University, Research Center on Computing and Society ",http://www.southernct.edu/organizations/rccs/,DMOZ - Computers: Ethics
Web Ethics ,http://www.vlib.us/web/ethics/,DMOZ - Computers: Ethics
Wikipedia: Computer Ethics ,http://en.wikipedia.org/wiki/Computer_ethics,DMOZ - Computers: Ethics
