[
{"Website title": "AI from TAU ", "Website link": "http://www.tau.ac.il/humanities/philos/ai/links.html", "Category": "DMOZ - Computers: Artificial Intelligence"},
{"Website title": "Artificial Intelligence Depot ", "Website link": "http://ai-depot.com/", "Category": "DMOZ - Computers: Artificial Intelligence"},
{"Website title": "Artilect ", "Website link": "http://artilect.org/", "Category": "DMOZ - Computers: Artificial Intelligence"},
{"Website title": "Bibliographies on Artificial Intelligence ", "Website link": "http://liinwww.ira.uka.de/bibliography/Ai/", "Category": "DMOZ - Computers: Artificial Intelligence"},
{"Website title": "CMU Artificial Intelligence Repository ", "Website link": "http://www.cs.cmu.edu/afs/cs.cmu.edu/project/ai-repository/ai/0.html", "Category": "DMOZ - Computers: Artificial Intelligence"},
{"Website title": "Cognitive Systems ", "Website link": "http://www.cs.iastate.edu/~honavar/hybrid-ai.html", "Category": "DMOZ - Computers: Artificial Intelligence"},
{"Website title": "Context in AI ", "Website link": "http://context.umcs.maine.edu/", "Category": "DMOZ - Computers: Artificial Intelligence"},
{"Website title": "Heuristics and artificial intelligence in finance and investment ", "Website link": "http://aiinfinance.com/", "Category": "DMOZ - Computers: Artificial Intelligence"},
{"Website title": "Kurzweil Accelerating Intelligence Network ", "Website link": "http://www.kurzweilai.net/", "Category": "DMOZ - Computers: Artificial Intelligence"},
{"Website title": "List of AI-related FAQs ", "Website link": "http://www.cs.cmu.edu/Groups/AI/html/faqs/top.html", "Category": "DMOZ - Computers: Artificial Intelligence"},
{"Website title": "The Loebner Prize ", "Website link": "http://www.loebner.net/Prizef/loebner-prize.html", "Category": "DMOZ - Computers: Artificial Intelligence"},
{"Website title": "Neuron AI Directory: Artificial Intelligence resources ", "Website link": "http://www.neuron.co.uk/", "Category": "DMOZ - Computers: Artificial Intelligence"},
{"Website title": "PC AI ", "Website link": "http://www.pcai.com/", "Category": "DMOZ - Computers: Artificial Intelligence"},
{"Website title": "Processor Performance ", "Website link": "http://www.intelligentfirm.com/", "Category": "DMOZ - Computers: Artificial Intelligence"},
{"Website title": "SIGART Electronic Information Services ", "Website link": "http://sigart.acm.org/", "Category": "DMOZ - Computers: Artificial Intelligence"},
{"Website title": "Computer Professionals for Social Responsibility (CPSR) ", "Website link": "http://cpsr.org/", "Category": "DMOZ - Computers: Ethics"},
{"Website title": "Computing Cases ", "Website link": "http://computingcases.org/", "Category": "DMOZ - Computers: Ethics"},
{"Website title": "Dangers of Internet Dating ", "Website link": "http://www.dangersofinternetdating.com/", "Category": "DMOZ - Computers: Ethics"},
{"Website title": "Ethics in Computing ", "Website link": "http://ethics.csc.ncsu.edu/", "Category": "DMOZ - Computers: Ethics"},
{"Website title": "Institute of Electrical and Electronics Engineers, Inc. (IEEE) ", "Website link": "http://www.ieee.org/web/aboutus/ethics/", "Category": "DMOZ - Computers: Ethics"},
{"Website title": "International Center for Information Ethics (ICIE) ", "Website link": "http://icie.zkm.de/", "Category": "DMOZ - Computers: Ethics"},
{"Website title": "International Charter ", "Website link": "http://www.icharter.org/", "Category": "DMOZ - Computers: Ethics"},
{"Website title": "International Federation of Information Processing (IFIP) ", "Website link": "https://staff.info.unamur.be/jbl/IFIP/home.html", "Category": "DMOZ - Computers: Ethics"},
{"Website title": "Southern Connecticut State University, Research Center on Computing and Society ", "Website link": "http://www.southernct.edu/organizations/rccs/", "Category": "DMOZ - Computers: Ethics"},
{"Website title": "Web Ethics ", "Website link": "http://www.vlib.us/web/ethics/", "Category": "DMOZ - Computers: Ethics"},
{"Website title": "Wikipedia: Computer Ethics ", "Website link": "http://en.wikipedia.org/wiki/Computer_ethics", "Category": "DMOZ - Computers: Ethics"}
][
{"Website title": "AI from TAU ", "Website link": "http://www.tau.ac.il/humanities/philos/ai/links.html", "Category": "DMOZ - Computers: Artificial Intelligence"},
{"Website title": "Artificial Intelligence Depot ", "Website link": "http://ai-depot.com/", "Category": "DMOZ - Computers: Artificial Intelligence"},
{"Website title": "Artilect ", "Website link": "http://artilect.org/", "Category": "DMOZ - Computers: Artificial Intelligence"},
{"Website title": "Bibliographies on Artificial Intelligence ", "Website link": "http://liinwww.ira.uka.de/bibliography/Ai/", "Category": "DMOZ - Computers: Artificial Intelligence"},
{"Website title": "CMU Artificial Intelligence Repository ", "Website link": "http://www.cs.cmu.edu/afs/cs.cmu.edu/project/ai-repository/ai/0.html", "Category": "DMOZ - Computers: Artificial Intelligence"},
{"Website title": "Cognitive Systems ", "Website link": "http://www.cs.iastate.edu/~honavar/hybrid-ai.html", "Category": "DMOZ - Computers: Artificial Intelligence"},
{"Website title": "Context in AI ", "Website link": "http://context.umcs.maine.edu/", "Category": "DMOZ - Computers: Artificial Intelligence"},
{"Website title": "Heuristics and artificial intelligence in finance and investment ", "Website link": "http://aiinfinance.com/", "Category": "DMOZ - Computers: Artificial Intelligence"},
{"Website title": "Kurzweil Accelerating Intelligence Network ", "Website link": "http://www.kurzweilai.net/", "Category": "DMOZ - Computers: Artificial Intelligence"},
{"Website title": "List of AI-related FAQs ", "Website link": "http://www.cs.cmu.edu/Groups/AI/html/faqs/top.html", "Category": "DMOZ - Computers: Artificial Intelligence"},
{"Website title": "The Loebner Prize ", "Website link": "http://www.loebner.net/Prizef/loebner-prize.html", "Category": "DMOZ - Computers: Artificial Intelligence"},
{"Website title": "Neuron AI Directory: Artificial Intelligence resources ", "Website link": "http://www.neuron.co.uk/", "Category": "DMOZ - Computers: Artificial Intelligence"},
{"Website title": "PC AI ", "Website link": "http://www.pcai.com/", "Category": "DMOZ - Computers: Artificial Intelligence"},
{"Website title": "Processor Performance ", "Website link": "http://www.intelligentfirm.com/", "Category": "DMOZ - Computers: Artificial Intelligence"},
{"Website title": "SIGART Electronic Information Services ", "Website link": "http://sigart.acm.org/", "Category": "DMOZ - Computers: Artificial Intelligence"},
{"Website title": "Computer Professionals for Social Responsibility (CPSR) ", "Website link": "http://cpsr.org/", "Category": "DMOZ - Computers: Ethics"},
{"Website title": "Computing Cases ", "Website link": "http://computingcases.org/", "Category": "DMOZ - Computers: Ethics"},
{"Website title": "Dangers of Internet Dating ", "Website link": "http://www.dangersofinternetdating.com/", "Category": "DMOZ - Computers: Ethics"},
{"Website title": "Ethics in Computing ", "Website link": "http://ethics.csc.ncsu.edu/", "Category": "DMOZ - Computers: Ethics"},
{"Website title": "Institute of Electrical and Electronics Engineers, Inc. (IEEE) ", "Website link": "http://www.ieee.org/web/aboutus/ethics/", "Category": "DMOZ - Computers: Ethics"},
{"Website title": "International Center for Information Ethics (ICIE) ", "Website link": "http://icie.zkm.de/", "Category": "DMOZ - Computers: Ethics"},
{"Website title": "International Charter ", "Website link": "http://www.icharter.org/", "Category": "DMOZ - Computers: Ethics"},
{"Website title": "International Federation of Information Processing (IFIP) ", "Website link": "https://staff.info.unamur.be/jbl/IFIP/home.html", "Category": "DMOZ - Computers: Ethics"},
{"Website title": "Southern Connecticut State University, Research Center on Computing and Society ", "Website link": "http://www.southernct.edu/organizations/rccs/", "Category": "DMOZ - Computers: Ethics"},
{"Website title": "Web Ethics ", "Website link": "http://www.vlib.us/web/ethics/", "Category": "DMOZ - Computers: Ethics"},
{"Website title": "Wikipedia: Computer Ethics ", "Website link": "http://en.wikipedia.org/wiki/Computer_ethics", "Category": "DMOZ - Computers: Ethics"}
]